Rank,Player,Position,Team,Value,PositionRank,Trend30Day,RedraftValue,Tier
1,Bijan Robinson,RB,ATL,11253,1,-406,10503,1
2,Jahmyr Gibbs,RB,DET,10321,2,-27,10363,2
3,Ja'Marr Chase,WR,CIN,10120,1,444,10118,3
4,Jaxon Smith-Njigba,WR,SEA,9369,2,-111,8950,4
5,Puka Nacua,WR,LAR,8639,3,-910,8861,5
6,Jeremiyah Love,RB,FA,7723,3,307,7768,6
7,Justin Jefferson,WR,MIN,7627,4,303,8910,6
8,Ashton Jeanty,RB,LV,7605,4,489,7864,6
9,Amon-Ra St. Brown,WR,DET,7386,5,30,8568,7
10,Malik Nabers,WR,NYG,7201,6,-121,6337,8
11,CeeDee Lamb,WR,DAL,6815,7,-57,8192,9
12,Brock Bowers,TE,LV,6765,1,184,5781,9
13,Trey McBride,TE,ARI,6736,2,399,7366,9
14,Omarion Hampton,RB,LAC,6566,5,220,7283,9
15,De'Von Achane,RB,MIA,6556,6,91,8048,9
16,Drake London,WR,ATL,5764,8,-222,5878,10
17,Jonathan Taylor,RB,IND,5576,7,12,8269,10
18,Josh Allen,QB,BUF,5574,1,-124,6232,10
19,James Cook,RB,BUF,5508,8,184,7869,10
20,Tetairoa McMillan,WR,CAR,5140,9,100,4191,11
21,Drake Maye,QB,NE,4729,2,-118,3387,12
22,Kenneth Walker,RB,KC,4662,9,84,6191,12
23,Colston Loveland,TE,CHI,4579,3,191,2582,12
24,George Pickens,WR,DAL,4532,10,-202,4449,12
25,Emeka Egbuka,WR,TB,4521,11,80,3620,12
26,Christian McCaffrey,RB,SF,4290,10,-22,7558,13
27,TreVeyon Henderson,RB,NE,4280,11,261,4529,13
28,Garrett Wilson,WR,NYJ,4237,12,-340,4299,13
29,Chris Olave,WR,NO,4210,13,50,4288,13
30,Carnell Tate,WR,FA,4205,14,-326,2439,13
31,Nico Collins,WR,HOU,4148,15,-158,4765,14
32,Jayden Daniels,QB,WAS,4120,3,286,3033,14
33,Breece Hall,RB,NYJ,4120,12,-21,4998,14
34,Quinshon Judkins,RB,CLE,4101,13,70,3685,14
35,Tyler Warren,TE,IND,4077,4,16,2815,14
36,Chase Brown,RB,CIN,4077,14,1,5493,14
37,Saquon Barkley,RB,PHI,4069,15,43,6873,14
38,Makai Lemon,WR,FA,4059,16,-742,2254,14
39,Lamar Jackson,QB,BAL,4022,4,61,3848,14
40,Bucky Irving,RB,TB,3922,16,-322,4059,15
41,Rashee Rice,WR,KC,3795,17,242,3701,15
42,Ladd McConkey,WR,LAC,3754,18,-137,2947,16
43,Caleb Williams,QB,CHI,3724,5,-10,2238,16
44,Joe Burrow,QB,CIN,3717,6,60,3376,16
45,Rome Odunze,WR,CHI,3654,19,-46,2545,16
46,Brian Thomas,WR,JAX,3568,20,14,2269,17
47,Luther Burden,WR,CHI,3556,21,26,1777,17
48,Kyren Williams,RB,LAR,3537,17,-151,4363,17
49,Jordyn Tyson,WR,FA,3497,22,-203,1585,17
50,Marvin Harrison Jr,WR,ARI,3469,23,99,2187,17
51,A.J. Brown,WR,PHI,3387,24,59,4133,17
52,Travis Etienne,RB,NO,3327,18,15,4662,18
53,Josh Jacobs,RB,GB,3248,19,-153,4895,18
54,Tee Higgins,WR,CIN,3208,25,-38,3202,18
55,Justin Herbert,QB,LAC,3187,7,-40,2237,19
56,Patrick Mahomes,QB,KC,3164,8,129,2685,19
57,DeVonta Smith,WR,PHI,3160,26,19,3182,19
58,Jaylen Waddle,WR,DEN,3153,27,436,3158,19
59,Cam Skattebo,RB,NYG,3133,20,125,2934,19
60,Tucker Kraft,TE,GB,3123,5,88,2007,19
61,Javonte Williams,RB,DAL,3121,21,-43,3702,19
62,Zay Flowers,WR,BAL,3119,28,-14,2400,19
63,Harold Fannin,TE,CLE,3102,6,128,828,19
64,Jalen Hurts,QB,PHI,3059,9,7,1954,20
65,Jameson Williams,WR,DET,2977,29,133,1963,21
66,Sam LaPorta,TE,DET,2960,7,59,1718,21
67,Jaxson Dart,QB,NYG,2948,10,-75,984,21
68,Kenyon Sadiq,TE,FA,2890,8,-44,692,21
69,Derrick Henry,RB,BAL,2850,22,40,5500,21
70,KC Concepcion,WR,FA,2711,30,-155,675,22
71,Jadarian Price,RB,FA,2708,23,-53,1360,22
72,Bo Nix,QB,DEN,2673,11,70,1156,22
73,Trevor Lawrence,QB,JAX,2618,12,36,1141,22
74,Kyle Pitts,TE,ATL,2615,9,,1300,22
75,Brock Purdy,QB,SF,2510,13,-12,959,23
76,RJ Harvey,RB,DEN,2480,24,-98,2076,23
77,Denzel Boston,WR,FA,2478,31,-556,475,23
78,Jonah Coleman,RB,FA,2476,25,-784,1026,23
79,DJ Moore,WR,BUF,2437,32,-221,2256,23
80,Alec Pierce,WR,IND,2398,33,-10,1349,23
81,Bhayshul Tuten,RB,JAX,2378,26,50,1247,23
82,Omar Cooper,WR,FA,2355,34,227,399,23
83,Jordan Addison,WR,MIN,2315,35,161,761,23
84,Fernando Mendoza,QB,FA,2301,14,7,317,23
85,Davante Adams,WR,LAR,2229,36,-61,3009,24
86,Travis Hunter,WR,JAX,2205,37,-4,421,24
87,D'Andre Swift,RB,CHI,2196,27,-121,2172,24
88,David Montgomery,RB,HOU,2191,28,-114,2684,24
89,Jordan Love,QB,GB,2163,15,-118,639,24
90,Oronde Gadsden,TE,LAC,2148,10,57,282,24
91,Terry McLaurin,WR,WAS,2145,38,13,2056,24
92,Chuba Hubbard,RB,CAR,2131,29,158,1905,24
93,Dak Prescott,QB,DAL,2111,16,-77,1179,24
94,Mike Washington,RB,FA,2091,30,118,529,24
95,Michael Wilson,WR,ARI,2049,39,-94,823,25
96,Mike Evans,WR,SF,2023,40,-86,2295,25
97,Wan'Dale Robinson,WR,TEN,2020,41,-137,607,25
98,Parker Washington,WR,JAX,2015,42,12,430,25
99,Emmett Johnson,RB,FA,2012,31,-373,459,25
100,Zach Charbonnet,RB,SEA,1995,32,-78,1204,25
101,Tyler Allgeier,RB,ARI,1994,33,-146,1409,25
102,Michael Pittman,WR,PIT,1987,43,-40,1260,25
103,Kyle Monangai,RB,CHI,1975,34,-56,791,25
104,Ricky Pearsall,WR,SF,1973,44,-38,606,25
105,Eli Stowers,TE,FA,1962,11,-125,133,25
106,DK Metcalf,WR,PIT,1962,45,-119,1166,25
107,Matthew Golden,WR,GB,1934,46,-162,217,26
108,J.K. Dobbins,RB,DEN,1927,35,327,1621,26
109,Rico Dowdle,RB,PIT,1925,36,-29,1748,26
110,Nicholas Singleton,RB,FA,1916,37,-231,387,26
111,Christian Watson,WR,GB,1895,47,4,744,26
112,George Kittle,TE,SF,1889,12,28,1595,26
113,Jayden Higgins,WR,HOU,1880,48,-84,247,26
114,Cam Ward,QB,TEN,1880,17,-115,188,26
115,Isaiah Likely,TE,NYG,1878,13,60,435,26
116,Baker Mayfield,QB,TB,1853,18,72,585,26
117,Romeo Doubs,WR,NE,1836,49,-76,513,26
118,Jaylen Warren,RB,PIT,1811,38,-210,1408,27
119,Blake Corum,RB,LAR,1806,39,23,878,27
120,Xavier Worthy,WR,KC,1804,50,-50,175,27
121,Jake Ferguson,TE,DAL,1787,14,-48,483,27
122,C.J. Stroud,QB,HOU,1783,19,-76,169,27
123,Jonathon Brooks,RB,CAR,1770,40,158,364,27
124,Jared Goff,QB,DET,1766,20,25,517,27
125,Courtland Sutton,WR,DEN,1758,51,1,1221,27
126,Dalton Kincaid,TE,BUF,1743,15,-175,372,27
127,Rhamondre Stevenson,RB,NE,1724,41,-10,1383,27
128,Quentin Johnston,WR,LAC,1691,52,-25,242,27
129,Jakobi Meyers,WR,JAX,1659,53,-79,804,28
130,Jayden Reed,WR,GB,1652,54,57,344,28
131,Elijah Sarratt,WR,FA,1647,55,-188,69,28
132,Kyler Murray,QB,MIN,1644,21,173,260,28
133,Sam Darnold,QB,SEA,1611,22,-46,243,28
134,Tyler Shough,QB,NO,1610,23,11,158,28
135,Josh Downs,WR,IND,1601,56,-35,192,28
136,Kenneth Gainwell,RB,TB,1592,42,-87,845,28
137,Chris Bell,WR,FA,1580,57,-176,48,28
138,Brenton Strange,TE,JAX,1572,16,-50,159,28
139,Chris Brazzell,WR,FA,1570,58,-71,45,28
140,Tre' Harris,WR,LAC,1564,59,113,140,28
141,Bryce Young,QB,CAR,1564,24,62,93,28
142,Zachariah Branch,WR,FA,1557,60,-112,41,28
143,Chris Godwin,WR,TB,1557,61,-25,733,28
144,Brandon Aiyuk,WR,SF,1549,62,-55,453,28
145,Jalen McMillan,WR,TB,1548,63,149,146,28
146,Jacory Croskey-Merritt,RB,WAS,1514,43,-137,404,29
147,Isiah Pacheco,RB,DET,1494,44,221,663,29
148,Trey Benson,RB,ARI,1493,45,-207,246,29
149,Chig Okonkwo,TE,WAS,1488,17,393,185,29
150,Rachaad White,RB,WAS,1488,46,-98,674,29
151,Khalil Shakir,WR,BUF,1484,64,-71,224,29
152,Woody Marks,RB,HOU,1471,47,-13,393,29
153,Dylan Sampson,RB,CLE,1463,48,246,89,29
154,Tony Pollard,RB,TEN,1463,49,-20,950,29
155,Germie Bernard,WR,FA,1462,65,-142,17,29
156,Mason Taylor,TE,NYJ,1444,18,60,,29
157,T.J. Hockenson,TE,MIN,1442,19,92,302,29
158,Jalen Coker,WR,CAR,1433,66,-64,105,29
159,Braelon Allen,RB,NYJ,1432,50,-57,111,29
160,Jordan Mason,RB,MIN,1432,51,-71,528,29
161,Daniel Jones,QB,IND,1426,25,57,138,29
162,Dallas Goedert,TE,PHI,1411,20,360,466,29
163,Kaleb Johnson,RB,PIT,1408,52,-104,124,29
164,Mark Andrews,TE,BAL,1396,21,57,399,29
165,Demond Claiborne,RB,FA,1378,53,-342,79,30
166,AJ Barner,TE,SEA,1365,22,-68,30,30
167,Chris Rodriguez,RB,JAX,1361,54,508,407,30
168,Travis Kelce,TE,KC,1361,23,122,1010,30
169,Ja'Kobi Lane,WR,FA,1359,67,-151,,30
170,Rashid Shaheed,WR,SEA,1351,68,-41,223,30
171,Gunnar Helm,TE,TEN,1343,24,234,14,30
172,Brian Robinson,RB,ATL,1343,55,331,439,30
173,Keaton Mitchell,RB,LAC,1337,56,704,177,30
174,Terrance Ferguson,TE,LAR,1326,25,-51,,30
175,Tyreek Hill,WR,FA,1324,69,-167,578,30
176,Malik Willis,QB,MIA,1322,26,-90,54,30
177,Malachi Fields,WR,FA,1319,70,-115,,30
178,Antonio Williams,WR,FA,1315,71,-134,,30
179,Matthew Stafford,QB,LAR,1303,27,-18,354,30
180,Emanuel Wilson,RB,SEA,1301,57,857,376,30
181,Tank Bigsby,RB,PHI,1292,58,295,121,30
182,Alvin Kamara,RB,NO,1290,59,-136,852,30
183,Isaac TeSlaa,WR,DET,1287,72,20,39,30
184,Jerry Jeudy,WR,CLE,1281,73,-58,144,30
185,Adam Randall,RB,FA,1268,60,-104,39,30
186,Adonai Mitchell,WR,NYJ,1255,74,22,11,30
187,Aaron Jones,RB,MIN,1249,61,139,855,30
188,Le'Veon Moss,RB,FA,1244,62,-45,31,30
189,Troy Franklin,WR,DEN,1216,75,-354,,31
190,Jordan James,RB,SF,1215,63,792,22,31
191,Ted Hurst,WR,FA,1211,76,-36,,31
192,Chimere Dike,WR,TEN,1211,77,-78,20,31
193,Max Klare,TE,FA,1197,26,-102,,31
194,Ty Simpson,QB,FA,1188,28,-44,,31
195,Kaytron Allen,RB,FA,1170,64,915,9,31
196,Ollie Gordon,RB,MIA,1165,65,4,15,31
197,Tory Horton,WR,SEA,1157,78,-122,,31
198,J'Mari Taylor,RB,FA,1146,66,-14,3,31
199,Keon Coleman,WR,BUF,1141,79,-220,,31
200,Tyrone Tracy,RB,NYG,1139,67,-364,173,31
201,Elic Ayomanor,WR,TEN,1138,80,-69,,31
202,Tank Dell,WR,HOU,1124,81,53,53,31
203,Kyle Williams,WR,NE,1114,82,-25,,31
204,Kayshon Boutte,WR,NE,1095,83,-231,,32
205,Malik Washington,WR,MIA,1093,84,548,10,32
206,Brenen Thompson,WR,FA,1082,85,-160,,32
207,Juwan Johnson,TE,NO,1076,27,-70,91,32
208,Pat Bryant,WR,DEN,1075,86,-331,,32
209,Deion Burks,WR,FA,1065,87,-111,,32
210,James Conner,RB,ARI,1043,68,-167,397,32
211,Tyjae Spears,RB,TEN,1024,69,-208,47,32
212,Eric McAlister,WR,FA,1014,88,-175,,32
213,Deebo Samuel,WR,FA,1006,89,-196,117,32
214,Jack Endries,TE,FA,989,28,-58,,32
215,Jauan Jennings,WR,FA,987,90,-338,60,32
216,Skyler Bell,WR,FA,982,91,760,,32
217,Michael Penix,QB,ATL,971,29,-130,,32
218,Cade Otton,TE,TB,965,29,73,,33
219,J.J. McCarthy,QB,MIN,947,30,-101,,33
220,David Njoku,TE,FA,943,30,-424,32,33
221,Tua Tagovailoa,QB,ATL,943,31,56,,33
222,CJ Daniels,WR,FA,922,92,-202,,33
223,Jaylin Noel,WR,HOU,921,93,-309,,33
224,Stefon Diggs,WR,FA,911,94,-379,122,33
225,Shedeur Sanders,QB,CLE,908,32,-78,,33
226,CJ Donaldson,RB,FA,902,70,-188,,33
227,Jalen Nailor,WR,LV,896,95,-5,,33
228,Jake Tonges,TE,SF,894,31,51,,33
229,Jack Bech,WR,LV,891,96,3,,33
230,Hunter Henry,TE,NE,872,32,123,34,33
231,Calvin Ridley,WR,TEN,866,97,313,66,33
232,Jacoby Brissett,QB,ARI,839,33,94,,34
233,Theo Johnson,TE,NYG,821,33,-577,,34
234,Kimani Vidal,RB,LAC,812,71,-316,,34
235,Dalton Schultz,TE,HOU,811,34,-183,,34
236,Oscar Delp,TE,FA,808,35,-33,,34
237,Isaiah Bond,WR,CLE,793,98,-102,,34
238,Michael Trigg,TE,FA,789,36,663,,34
239,Tre Tucker,WR,LV,779,99,-84,,34
240,Geno Smith,QB,NYJ,755,34,154,,34
241,Kevin Coleman,WR,FA,752,100,168,,34
242,Justin Fields,QB,KC,709,35,374,,35
243,Darnell Mooney,WR,NYG,702,101,290,,35
244,Sean Tucker,RB,TB,693,72,-450,,35
245,Kirk Cousins,QB,FA,690,36,358,,35
246,Noah Thomas,WR,FA,689,102,-162,,35
247,Marlin Klein,TE,FA,676,37,-119,,35
248,Jam Miller,RB,FA,675,73,675,,35
249,Deshaun Watson,QB,CLE,674,37,333,,35
250,Elijah Arroyo,TE,SEA,670,38,47,,35
251,Jaydon Blue,RB,DAL,668,74,88,,35
252,Mac Jones,QB,SF,667,38,-33,,35
253,Pat Freiermuth,TE,PIT,652,39,-86,,36
254,Carson Beck,QB,FA,650,39,-70,,36
255,Dane Key,WR,FA,643,103,-153,,36
256,DJ Giddens,RB,IND,636,75,100,,36
257,Josh Cameron,WR,FA,616,104,-127,,36
258,Jaylen Wright,RB,MIA,612,76,41,,36
259,Michael Mayer,TE,LV,612,40,-43,,36
260,Sam Roush,TE,FA,607,41,19,,36
261,Tez Johnson,WR,TB,606,105,-119,,36
262,Devin Neal,RB,NO,586,77,-566,,36
263,Taylen Green,QB,FA,583,40,-34,,36
264,Najee Harris,RB,FA,583,78,-146,,36
265,Dont'e Thornton,WR,LV,569,106,-56,,37
266,Justin Joly,TE,FA,562,42,562,,37
267,Ray Davis,RB,BUF,557,79,179,,37
268,Brashard Smith,RB,KC,546,80,-218,,37
269,Christian Kirk,WR,SF,543,107,366,,37
270,Evan Engram,TE,DEN,540,43,16,,37
271,Xavier Legette,WR,CAR,536,108,-42,,37
272,Anthony Richardson,QB,IND,533,41,-244,,37
273,Ja'Tavion Sanders,TE,CAR,530,44,150,,37
274,Aaron Anderson,WR,FA,516,109,-146,,37
275,Jeff Caldwell,WR,FA,514,110,51,,37
276,Drew Allar,QB,FA,514,42,-14,,37
277,Dylan Devezin,RB,FA,510,81,-172,,37
278,Colby Parkinson,TE,LAR,497,45,-26,,37
279,Garrett Nussmeier,QB,FA,493,43,493,,37
280,LeQuint Allen,RB,JAX,479,82,-300,,37
281,Marvin Mims,WR,DEN,472,111,-152,,37
282,Trevor Etienne,RB,CAR,452,83,89,,38
283,Cooper Kupp,WR,SEA,447,112,-79,,38
284,Dontayvion Wicks,WR,GB,437,113,119,,38
285,Cade Klubnik,QB,FA,436,44,79,,38
286,Hollywood Smothers,RB,FA,411,84,-136,,38
287,Joe Mixon,RB,FA,398,85,-476,,38
288,Desmond Reid,RB,FA,393,86,14,,38
289,Rashod Bateman,WR,BAL,393,114,83,,38
290,MarShawn Lloyd,RB,GB,391,87,252,,38
291,Eric Rivers,WR,FA,390,115,-75,,38
292,Aaron Rodgers,QB,FA,388,45,-4,,38
293,Cole Payton,QB,FA,369,46,24,,38
294,Trebor Pena,WR,FA,354,116,-101,,39
295,Devaughn Vele,WR,NO,354,117,-49,,39
296,Will Howard,QB,PIT,353,47,11,,39
297,Malik Benson,WR,FA,351,118,-37,,39
298,Jalen Tolbert,WR,MIA,339,119,339,,39
299,John Michael Gyllenborg,TE,FA,335,46,-30,,39
300,Dean Connors,RB,FA,328,88,-75,,39
301,Kendre Miller,RB,NO,328,89,-95,,39
302,Keenan Allen,WR,FA,325,120,-94,,39
303,Cedric Tillman,WR,CLE,322,121,-46,,39
304,Josh Cuevas,TE,FA,319,47,-35,,39
305,Reggie Virgil,WR,FA,316,122,-47,,39
306,Ben Sinnott,TE,WAS,316,48,-320,,39
307,Marquise Brown,WR,PHI,315,123,11,,39
308,Ryan Flournoy,WR,DAL,311,124,-7,,39
309,Cole Kmet,TE,CHI,310,49,-104,,39
310,Joe Fagnano,QB,FA,306,48,-70,,39
311,Rahsul Faison,RB,FA,294,90,-48,,39
312,Tahj Brooks,RB,CIN,285,91,-32,,39
313,Jaylin Lane,WR,WAS,268,125,-72,,39
314,Isaiah Davis,RB,NYJ,265,92,-256,,39
315,Jalen Milroe,QB,SEA,262,49,-69,,39
316,Jarquez Hunter,RB,LAR,260,93,193,,39
317,Zach Ertz,TE,FA,257,50,-16,,39
318,Ja'Lynn Polk,WR,NO,251,126,65,,39
319,Darnell Washington,TE,PIT,249,51,33,,39
320,DeMario Douglas,WR,NE,242,127,-90,,40
321,John Metchie,WR,CAR,238,128,-88,,40
322,Audric Estime,RB,NO,232,94,-74,,40
323,Mark Fletcher,RB,FA,228,95,-139,,40
324,Joe Flacco,QB,FA,226,50,117,,40
325,Greg Dulcich,TE,MIA,225,52,124,,40
326,Darren Waller,TE,FA,214,53,-17,,40
327,Riley Leonard,QB,IND,206,51,-34,,40
328,Jalen Royals,WR,KC,204,129,-54,,40
329,Marcus Mariota,QB,WAS,201,52,-29,,40
330,Justice Hill,RB,BAL,200,96,65,,40
331,Jahan Dotson,WR,ATL,196,130,-34,,40
332,Calvin Austin,WR,NYG,194,131,105,,40
333,Quinn Ewers,QB,MIA,193,53,-135,,40
334,Luke Musgrave,TE,GB,180,54,-23,,40
335,Luke McCaffrey,WR,WAS,169,132,-89,,40
336,Emari Demercado,RB,KC,161,97,161,,40
337,Jameis Winston,QB,NYG,150,54,73,,40
338,Mike Gesicki,TE,CIN,150,55,-13,,40
339,George Holani,RB,SEA,138,98,85,,40
340,Gardner Minshew,QB,ARI,138,55,-60,,40
341,Devin Singletary,RB,NYG,138,99,-20,,40
342,Joe Milton,QB,DAL,138,56,-34,,40
343,Roman Wilson,WR,PIT,129,133,-23,,41
344,Kenny McIntosh,RB,SEA,126,100,126,,41
345,Tyquan Thornton,WR,KC,124,134,22,,41
346,Kareem Hunt,RB,FA,124,101,-107,,41
347,Davis Mills,QB,HOU,121,57,65,,41
348,Efton Chism,WR,NE,118,135,-29,,41
349,Noah Fant,TE,NO,117,56,-20,,41
350,Dillon Gabriel,QB,CLE,116,58,17,,41
351,Darius Slayton,WR,NYG,115,136,-75,,41
352,Caleb Douglas,WR,FA,108,137,-20,,41
353,Jerome Ford,RB,WAS,105,102,5,,41
354,Noah Gray,TE,KC,103,57,-80,,41
355,KeAndre Lambert-Smith,WR,LAC,99,138,6,,41
356,Dawson Knox,TE,BUF,97,58,11,,41
357,Tyson Bagent,QB,CHI,91,59,-14,,41
358,Spencer Rattler,QB,NO,91,60,-9,,41
359,Savion Williams,WR,GB,87,139,-17,,41
360,Jonnu Smith,TE,FA,87,59,-85,,41
361,Isaac Guerendo,RB,SF,86,103,42,,41
362,KaVontae Turpin,WR,DAL,83,140,40,,41
363,Andrei Iosivas,WR,CIN,80,141,-93,,41
364,Tai Felton,WR,MIN,75,142,36,,41
365,Kendrick Bourne,WR,ARI,74,143,-12,,41
366,Raheim Sanders,RB,CLE,74,104,74,,41
367,Tutu Atwell,WR,MIA,74,144,74,,41
368,Will Levis,QB,TEN,71,61,11,,41
369,Mack Hollins,WR,NE,69,145,30,,41
370,Nick Chubb,RB,FA,69,105,-33,,41
371,Ty Johnson,RB,BUF,67,106,67,,41
372,Will Shipley,RB,PHI,67,107,-49,,41
373,Treylon Burks,WR,WAS,66,146,-98,,41
374,Phil Mafah,RB,DAL,65,108,10,,41
375,Malik Davis,RB,DAL,60,109,-37,,41
376,Kenny Pickett,QB,CAR,60,62,-40,,41
377,Tanner McKee,QB,PHI,57,63,7,,41
378,Tyler Huntley,QB,BAL,56,64,-7,,41
379,Austin Ekeler,RB,FA,56,110,-41,,41
380,Samaje Perine,RB,CIN,54,111,54,,41
381,Carson Wentz,QB,MIN,51,65,-29,,41
382,Trey Lance,QB,LAC,49,66,-20,,41
383,Jaleel McLaughlin,RB,DEN,39,112,-27,,42
384,Jimmy Garoppolo,QB,FA,38,67,-16,,42
385,Dyami Brown,WR,WAS,34,147,34,,42
386,Jahdae Walker,WR,CHI,33,148,-97,,42
387,Chris Brooks,RB,GB,33,113,33,,42
388,Erick All,TE,CIN,31,60,31,,42
389,Jimmy Horn,WR,CAR,29,149,-59,,42
390,Nathan Carter,RB,ATL,24,114,-35,,42
391,Sterling Shepard,WR,FA,21,150,21,,42
392,Mitchell Evans,TE,CAR,16,61,16,,42
393,Sam Howell,QB,DAL,15,68,15,,42
394,Henry Ruggs,WR,FA,14,151,14,,42
395,Mitchell Trubisky,QB,TEN,13,69,2,,42
396,Devontez Walker,WR,BAL,13,152,13,,42